,count,mean,std,min,25%,50%,75%,max,skew,kurtosis
sw_latency_s,68.0,3.4456617647058834e-05,4.633836448038813e-05,6e-07,2.7e-06,1.83e-05,3.75e-05,0.0001345,1.5427895315307303,0.8772268979180939
CT_bytes,68.0,6364.014705882353,13651.626781299727,128.0,664.0,1150.0,2700.0,41000.0,2.203803549943078,2.973028451181647
KEYSIZE_bytes,68.0,6364.014705882353,13651.626781299727,128.0,664.0,1150.0,2700.0,41000.0,2.203803549943078,2.973028451181647
